Time,Sys,MAP,Dias,Cardiac rate,RR,Temp,Sat,PEEP,FiO2,Ventilator mode,Observations
2024-09-19 20:14:38,0,0,0,0,0,0.0,0,
2024-09-19 20:14:40
2024-09-19 20:14:41
2024-09-19 20:14:42
2024-09-19 20:14:43
2024-09-19 20:14:44
2024-09-19 20:14:45
2024-09-19 20:14:46
2024-09-19 20:14:47
2024-09-19 20:14:48
2024-09-19 20:14:49
2024-09-19 20:14:50
2024-09-19 20:14:51
2024-09-19 20:14:52
2024-09-19 20:14:53
2024-09-19 20:14:55
2024-09-19 20:14:56
2024-09-19 20:14:57
2024-09-19 20:14:58
2024-09-19 20:14:59
2024-09-19 20:15:00
2024-09-19 20:15:01
2024-09-19 20:15:02
2024-09-19 20:15:03
2024-09-19 20:15:04
2024-09-19 20:15:05
2024-09-19 20:15:06
2024-09-19 20:15:07
2024-09-19 20:15:08
2024-09-19 20:15:09
2024-09-19 20:15:10
2024-09-19 20:15:11
2024-09-19 20:15:12
2024-09-19 20:15:13
2024-09-19 20:15:14
2024-09-19 20:15:15
2024-09-19 20:15:16
2024-09-19 20:15:17
2024-09-19 20:15:18
2024-09-19 20:15:19
2024-09-19 20:15:20
2024-09-19 20:15:21
2024-09-19 20:15:22
2024-09-19 20:15:23
2024-09-19 20:15:24
2024-09-19 20:15:25
2024-09-19 20:15:26
2024-09-19 20:15:27
2024-09-19 20:15:28
2024-09-19 20:15:29
2024-09-19 20:15:30
2024-09-19 20:15:31
2024-09-19 20:15:32
2024-09-19 20:15:33
2024-09-19 20:15:34
2024-09-19 20:15:35
2024-09-19 20:15:36
2024-09-19 20:15:37
2024-09-19 20:15:38
2024-09-19 20:15:39
2024-09-19 20:15:40
2024-09-19 20:15:41
2024-09-19 20:15:42
2024-09-19 20:15:43
2024-09-19 20:15:44
2024-09-19 20:15:45
2024-09-19 20:15:46
2024-09-19 20:15:47
2024-09-19 20:15:48
2024-09-19 20:15:49
2024-09-19 20:15:50
2024-09-19 20:15:51
2024-09-19 20:15:52
2024-09-19 20:15:53
2024-09-19 20:15:54
2024-09-19 20:15:55
2024-09-19 20:15:56
2024-09-19 20:15:57
2024-09-19 20:15:58
2024-09-19 20:15:59
2024-09-19 20:16:00
2024-09-19 20:16:01
2024-09-19 20:16:02
2024-09-19 20:16:03
2024-09-19 20:16:04
2024-09-19 20:16:05
2024-09-19 20:16:06
2024-09-19 20:16:07
2024-09-19 20:16:08
2024-09-19 20:16:09
2024-09-19 20:16:10
2024-09-19 20:16:11
2024-09-19 20:16:12
2024-09-19 20:16:13
2024-09-19 20:16:14
2024-09-19 20:16:15
2024-09-19 20:16:16
2024-09-19 20:16:17
2024-09-19 20:16:18
2024-09-19 20:16:19
2024-09-19 20:16:20
2024-09-19 20:16:21
2024-09-19 20:16:22
2024-09-19 20:16:23
2024-09-19 20:16:24
2024-09-19 20:16:25
2024-09-19 20:16:26
2024-09-19 20:16:27
2024-09-19 20:16:28
2024-09-19 20:16:29
2024-09-19 20:16:30
2024-09-19 20:16:31
2024-09-19 20:16:32
2024-09-19 20:16:33
2024-09-19 20:16:34
2024-09-19 20:16:35
2024-09-19 20:16:36
2024-09-19 20:16:37
2024-09-19 20:16:38
2024-09-19 20:16:39
2024-09-19 20:16:40
2024-09-19 20:16:41
2024-09-19 20:16:42
2024-09-19 20:16:43
2024-09-19 20:16:44
2024-09-19 20:16:45
2024-09-19 20:16:46
2024-09-19 20:16:47
2024-09-19 20:16:48
2024-09-19 20:16:49
2024-09-19 20:16:50
2024-09-19 20:16:51
2024-09-19 20:16:52
2024-09-19 20:16:53
2024-09-19 20:16:54
2024-09-19 20:16:55
2024-09-19 20:16:56
2024-09-19 20:16:57
2024-09-19 20:16:58
2024-09-19 20:16:59
2024-09-19 20:17:00
2024-09-19 20:17:01
2024-09-19 20:17:02
2024-09-19 20:17:03
2024-09-19 20:17:04
2024-09-19 20:17:05
2024-09-19 20:17:06
2024-09-19 20:17:07
2024-09-19 20:17:08
2024-09-19 20:17:09
2024-09-19 20:17:10
2024-09-19 20:17:11
2024-09-19 20:17:12
2024-09-19 20:17:13
2024-09-19 20:17:14
2024-09-19 20:17:15
2024-09-19 20:17:16
2024-09-19 20:17:17
2024-09-19 20:17:18
2024-09-19 20:17:19
2024-09-19 20:17:20
2024-09-19 20:17:21
2024-09-19 20:17:22
2024-09-19 20:17:23
2024-09-19 20:17:24
2024-09-19 20:17:25
2024-09-19 20:17:26
2024-09-19 20:17:27
2024-09-19 20:17:28
2024-09-19 20:17:29
2024-09-19 20:17:30
2024-09-19 20:17:31
2024-09-19 20:17:32
2024-09-19 20:17:33
2024-09-19 20:17:34
2024-09-19 20:17:35
2024-09-19 20:17:36
2024-09-19 20:17:37
2024-09-19 20:17:38
2024-09-19 20:17:39
2024-09-19 20:17:40
2024-09-19 20:17:41
2024-09-19 20:17:42
2024-09-19 20:17:43
2024-09-19 20:17:44
2024-09-19 20:17:45
2024-09-19 20:17:46
2024-09-19 20:17:47
2024-09-19 20:17:48
2024-09-19 20:17:49
2024-09-19 20:17:50
2024-09-19 20:17:51
2024-09-19 20:17:52
2024-09-19 20:17:53
2024-09-19 20:17:54
2024-09-19 20:17:55
2024-09-19 20:17:56
2024-09-19 20:17:57
2024-09-19 20:17:58
2024-09-19 20:17:59
2024-09-19 20:18:00
2024-09-19 20:18:01
2024-09-19 20:18:02
2024-09-19 20:18:03
2024-09-19 20:18:04
2024-09-19 20:18:05
2024-09-19 20:18:06
2024-09-19 20:18:07
2024-09-19 20:18:08
2024-09-19 20:18:09
2024-09-19 20:18:10
2024-09-19 20:18:11
2024-09-19 20:18:12
2024-09-19 20:18:13
2024-09-19 20:18:14
2024-09-19 20:18:15
2024-09-19 20:18:16
2024-09-19 20:18:17
2024-09-19 20:18:18
2024-09-19 20:18:19
2024-09-19 20:18:20
2024-09-19 20:18:21
2024-09-19 20:18:22
2024-09-19 20:18:23
2024-09-19 20:18:24
2024-09-19 20:18:25
2024-09-19 20:18:27
2024-09-19 20:18:28
2024-09-19 20:18:29
2024-09-19 20:18:30
2024-09-19 20:18:31
2024-09-19 20:18:32
2024-09-19 20:18:33
2024-09-19 20:18:34
2024-09-19 20:18:35
2024-09-19 20:18:36
2024-09-19 20:18:37
2024-09-19 20:18:38
2024-09-19 20:18:39
2024-09-19 20:18:40
2024-09-19 20:18:41
2024-09-19 20:18:42
2024-09-19 20:18:43
2024-09-19 20:18:44
2024-09-19 20:18:45
2024-09-19 20:18:46
2024-09-19 20:18:47
2024-09-19 20:18:48
2024-09-19 20:18:49
2024-09-19 20:18:50
2024-09-19 20:18:51
2024-09-19 20:18:52
2024-09-19 20:18:53
2024-09-19 20:18:54
2024-09-19 20:18:55
2024-09-19 20:18:56
2024-09-19 20:18:57
2024-09-19 20:18:58
2024-09-19 20:18:59
2024-09-19 20:19:00
2024-09-19 20:19:01
2024-09-19 20:19:02
2024-09-19 20:19:03
2024-09-19 20:19:04
2024-09-19 20:19:05
2024-09-19 20:19:06
2024-09-19 20:19:07
2024-09-19 20:19:08
2024-09-19 20:19:09
2024-09-19 20:19:10
2024-09-19 20:19:11
2024-09-19 20:19:12
2024-09-19 20:19:13
2024-09-19 20:19:14
2024-09-19 20:19:15
2024-09-19 20:19:16
2024-09-19 20:19:17
2024-09-19 20:19:18
2024-09-19 20:19:19
2024-09-19 20:19:20
2024-09-19 20:19:21
2024-09-19 20:19:22
2024-09-19 20:19:23
2024-09-19 20:19:24
2024-09-19 20:19:25
2024-09-19 20:19:26
2024-09-19 20:19:27
2024-09-19 20:19:28
2024-09-19 20:19:29
2024-09-19 20:19:30
2024-09-19 20:19:31
2024-09-19 20:19:32
2024-09-19 20:19:33
2024-09-19 20:19:34
2024-09-19 20:19:35
2024-09-19 20:19:36
2024-09-19 20:19:37
2024-09-19 20:19:38
2024-09-19 20:19:39
2024-09-19 20:19:40
2024-09-19 20:19:41
2024-09-19 20:19:42
2024-09-19 20:19:43
2024-09-19 20:19:44
2024-09-19 20:19:45
2024-09-19 20:19:46
2024-09-19 20:19:47
2024-09-19 20:19:48
2024-09-19 20:19:49
2024-09-19 20:19:50
2024-09-19 20:19:51
2024-09-19 20:19:52
2024-09-19 20:19:53
2024-09-19 20:19:54
2024-09-19 20:19:55
2024-09-19 20:19:56
2024-09-19 20:19:57
2024-09-19 20:19:58
2024-09-19 20:19:59
2024-09-19 20:20:00
2024-09-19 20:20:01
2024-09-19 20:20:02
2024-09-19 20:20:03
2024-09-19 20:20:04
2024-09-19 20:20:05
2024-09-19 20:20:06
2024-09-19 20:20:07
2024-09-19 20:20:08
2024-09-19 20:20:09
2024-09-19 20:20:10
2024-09-19 20:20:11
2024-09-19 20:20:12
2024-09-19 20:20:13
2024-09-19 20:20:14
2024-09-19 20:20:15
2024-09-19 20:20:16
2024-09-19 20:20:17
2024-09-19 20:20:18
2024-09-19 20:20:19
2024-09-19 20:20:20
2024-09-19 20:20:21
2024-09-19 20:20:22
2024-09-19 20:20:23
2024-09-19 20:20:24
2024-09-19 20:20:25
2024-09-19 20:20:26
2024-09-19 20:20:27
2024-09-19 20:20:28
2024-09-19 20:20:29
2024-09-19 20:20:30
2024-09-19 20:20:31
2024-09-19 20:20:32
2024-09-19 20:20:33
2024-09-19 20:20:34
2024-09-19 20:20:35
2024-09-19 20:20:36
2024-09-19 20:20:37
2024-09-19 20:20:38
2024-09-19 20:20:39
2024-09-19 20:20:40
2024-09-19 20:20:41
2024-09-19 20:20:42
2024-09-19 20:20:43
2024-09-19 20:20:44
2024-09-19 20:20:45
2024-09-19 20:20:46
2024-09-19 20:20:47
2024-09-19 20:20:48
2024-09-19 20:20:49
2024-09-19 20:20:50
2024-09-19 20:20:51
2024-09-19 20:20:52
2024-09-19 20:20:53
2024-09-19 20:20:54
2024-09-19 20:20:55
2024-09-19 20:20:56
2024-09-19 20:20:57
2024-09-19 20:20:58
2024-09-19 20:20:59
2024-09-19 20:21:00
2024-09-19 20:21:01
2024-09-19 20:21:02
2024-09-19 20:21:03
2024-09-19 20:21:04
2024-09-19 20:21:05
2024-09-19 20:21:06
2024-09-19 20:21:07
2024-09-19 20:21:08
2024-09-19 20:21:09
2024-09-19 20:21:10
2024-09-19 20:21:11
2024-09-19 20:21:12
2024-09-19 20:21:13
2024-09-19 20:21:14
2024-09-19 20:21:15
2024-09-19 20:21:16
2024-09-19 20:21:17
2024-09-19 20:21:18
2024-09-19 20:21:19
2024-09-19 20:21:20
2024-09-19 20:21:21
2024-09-19 20:21:22
2024-09-19 20:21:23
2024-09-19 20:21:24
2024-09-19 20:21:25
2024-09-19 20:21:26
2024-09-19 20:21:27
2024-09-19 20:21:28
2024-09-19 20:21:29
2024-09-19 20:21:30
2024-09-19 20:21:31
2024-09-19 20:21:32
2024-09-19 20:21:33
2024-09-19 20:21:34
2024-09-19 20:21:35
2024-09-19 20:21:36
2024-09-19 20:21:37
2024-09-19 20:21:38
2024-09-19 20:21:39
2024-09-19 20:21:40
2024-09-19 20:21:41
2024-09-19 20:21:42
2024-09-19 20:21:43
2024-09-19 20:21:45
2024-09-19 20:21:46
2024-09-19 20:21:47
2024-09-19 20:21:48
2024-09-19 20:21:49
2024-09-19 20:21:50
2024-09-19 20:21:51
2024-09-19 20:21:52
2024-09-19 20:21:53
2024-09-19 20:21:54
2024-09-19 20:21:55
2024-09-19 20:21:56
2024-09-19 20:21:57
2024-09-19 20:21:58
2024-09-19 20:21:59
2024-09-19 20:22:00
2024-09-19 20:22:01
2024-09-19 20:22:02
2024-09-19 20:22:03
2024-09-19 20:22:04
2024-09-19 20:22:05
2024-09-19 20:22:06
2024-09-19 20:22:07
2024-09-19 20:22:08
2024-09-19 20:22:09
2024-09-19 20:22:10
2024-09-19 20:22:11
2024-09-19 20:22:12
2024-09-19 20:22:13
2024-09-19 20:22:14
2024-09-19 20:22:15
2024-09-19 20:22:16
2024-09-19 20:22:17
2024-09-19 20:22:18
2024-09-19 20:22:19
2024-09-19 20:22:20
2024-09-19 20:22:21
2024-09-19 20:22:22
2024-09-19 20:22:23
2024-09-19 20:22:24
2024-09-19 20:22:25
2024-09-19 20:22:26
2024-09-19 20:22:27
2024-09-19 20:22:28
2024-09-19 20:22:29
2024-09-19 20:22:30
2024-09-19 20:22:31
2024-09-19 20:22:32
2024-09-19 20:22:33
2024-09-19 20:22:34
2024-09-19 20:22:35
2024-09-19 20:22:36
2024-09-19 20:22:37
2024-09-19 20:22:38
2024-09-19 20:22:39
2024-09-19 20:22:40
2024-09-19 20:22:41
2024-09-19 20:22:42
2024-09-19 20:22:43
2024-09-19 20:22:44
2024-09-19 20:22:45
2024-09-19 20:22:46
2024-09-19 20:22:47
2024-09-19 20:22:48
2024-09-19 20:22:49
2024-09-19 20:22:50
2024-09-19 20:22:51
2024-09-19 20:22:52
2024-09-19 20:22:53
2024-09-19 20:22:54
2024-09-19 20:22:55
2024-09-19 20:22:56
2024-09-19 20:22:57
2024-09-19 20:22:58
2024-09-19 20:22:59
2024-09-19 20:23:00
2024-09-19 20:23:01
2024-09-19 20:23:02
2024-09-19 20:23:03
2024-09-19 20:23:04
2024-09-19 20:23:05
2024-09-19 20:23:06
2024-09-19 20:23:07
2024-09-19 20:23:08
2024-09-19 20:23:09
2024-09-19 20:23:10
2024-09-19 20:23:11
2024-09-19 20:23:12
2024-09-19 20:23:13
2024-09-19 20:23:14
2024-09-19 20:23:15
2024-09-19 20:23:16
2024-09-19 20:23:17
2024-09-19 20:23:18
2024-09-19 20:23:19
2024-09-19 20:23:20
2024-09-19 20:23:21
2024-09-19 20:23:22
2024-09-19 20:23:23
2024-09-19 20:23:24
2024-09-19 20:23:25
2024-09-19 20:23:26
2024-09-19 20:23:27
2024-09-19 20:23:28
2024-09-19 20:23:29
2024-09-19 20:23:30
2024-09-19 20:23:31
2024-09-19 20:23:32
2024-09-19 20:23:33
2024-09-19 20:23:34
2024-09-19 20:23:35
2024-09-19 20:23:36
2024-09-19 20:23:37
2024-09-19 20:23:38
2024-09-19 20:23:39
2024-09-19 20:23:40
2024-09-19 20:23:41
2024-09-19 20:23:42
2024-09-19 20:23:43
2024-09-19 20:23:44
2024-09-19 20:23:45
2024-09-19 20:23:46
2024-09-19 20:23:47
2024-09-19 20:23:48
2024-09-19 20:23:49
2024-09-19 20:23:50
2024-09-19 20:23:51
2024-09-19 20:23:52
2024-09-19 20:23:53
2024-09-19 20:23:54
2024-09-19 20:23:55
2024-09-19 20:23:56
2024-09-19 20:23:57
2024-09-19 20:23:58
2024-09-19 20:23:59
2024-09-19 20:24:00
2024-09-19 20:24:01
2024-09-19 20:24:02
2024-09-19 20:24:03
2024-09-19 20:24:04
2024-09-19 20:24:05
2024-09-19 20:24:06
2024-09-19 20:24:07
2024-09-19 20:24:08
2024-09-19 20:24:09
2024-09-19 20:24:10
2024-09-19 20:24:11
2024-09-19 20:24:12
2024-09-19 20:24:13
2024-09-19 20:24:14
2024-09-19 20:24:15
2024-09-19 20:24:16
2024-09-19 20:24:17
2024-09-19 20:24:18
2024-09-19 20:24:19
2024-09-19 20:24:20
2024-09-19 20:24:21
2024-09-19 20:24:22
2024-09-19 20:24:23
2024-09-19 20:24:24
2024-09-19 20:24:25
2024-09-19 20:24:26
2024-09-19 20:24:27
2024-09-19 20:24:28
2024-09-19 20:24:29
2024-09-19 20:24:30
2024-09-19 20:24:31
2024-09-19 20:24:32
2024-09-19 20:24:33
2024-09-19 20:24:34
2024-09-19 20:24:35
2024-09-19 20:24:36
2024-09-19 20:24:37
2024-09-19 20:24:38
2024-09-19 20:24:39
2024-09-19 20:24:40
2024-09-19 20:24:41
2024-09-19 20:24:42
2024-09-19 20:24:43
2024-09-19 20:24:44
2024-09-19 20:24:45
2024-09-19 20:24:46
2024-09-19 20:24:47
2024-09-19 20:24:48
2024-09-19 20:24:49
2024-09-19 20:24:50
2024-09-19 20:24:51
2024-09-19 20:24:52
2024-09-19 20:24:53
2024-09-19 20:24:54
2024-09-19 20:24:55
2024-09-19 20:24:56
2024-09-19 20:24:57
2024-09-19 20:24:58
2024-09-19 20:24:59
2024-09-19 20:25:00
2024-09-19 20:25:01
2024-09-19 20:25:02
2024-09-19 20:25:03
2024-09-19 20:25:04
2024-09-19 20:25:05
2024-09-19 20:25:06
2024-09-19 20:25:07
2024-09-19 20:25:08
2024-09-19 20:25:09
2024-09-19 20:25:10
2024-09-19 20:25:11
2024-09-19 20:25:12
2024-09-19 20:25:13
2024-09-19 20:25:15
2024-09-19 20:25:16
2024-09-19 20:25:17
2024-09-19 20:25:18
2024-09-19 20:25:19
2024-09-19 20:25:20
2024-09-19 20:25:21
2024-09-19 20:25:22
2024-09-19 20:25:23
2024-09-19 20:25:24
2024-09-19 20:25:25
2024-09-19 20:25:26
2024-09-19 20:25:27
2024-09-19 20:25:28
2024-09-19 20:25:29
2024-09-19 20:25:30
2024-09-19 20:25:31
2024-09-19 20:25:32
2024-09-19 20:25:33
2024-09-19 20:25:34
2024-09-19 20:25:35
2024-09-19 20:25:36
2024-09-19 20:25:37
2024-09-19 20:25:38
2024-09-19 20:25:39
2024-09-19 20:25:40
2024-09-19 20:25:41
2024-09-19 20:25:42
2024-09-19 20:25:43
2024-09-19 20:25:44
2024-09-19 20:25:45
2024-09-19 20:25:46
2024-09-19 20:25:47
2024-09-19 20:25:48
2024-09-19 20:25:49
2024-09-19 20:25:50
2024-09-19 20:25:51
2024-09-19 20:25:52
2024-09-19 20:25:53
2024-09-19 20:25:54
2024-09-19 20:25:55
2024-09-19 20:25:56
2024-09-19 20:25:57
2024-09-19 20:25:58
2024-09-19 20:25:59
2024-09-19 20:26:00
2024-09-19 20:26:01
2024-09-19 20:26:02
2024-09-19 20:26:03
2024-09-19 20:26:04
2024-09-19 20:26:05
2024-09-19 20:26:06
2024-09-19 20:26:07
2024-09-19 20:26:08
2024-09-19 20:26:09
2024-09-19 20:26:10
2024-09-19 20:26:11
2024-09-19 20:26:12
2024-09-19 20:26:13
2024-09-19 20:26:14
2024-09-19 20:26:15
2024-09-19 20:26:16
2024-09-19 20:26:17
2024-09-19 20:26:18
2024-09-19 20:26:19
2024-09-19 20:26:20
2024-09-19 20:26:21
2024-09-19 20:26:22
2024-09-19 20:26:23
2024-09-19 20:26:24
2024-09-19 20:26:25
2024-09-19 20:26:26
2024-09-19 20:26:27
2024-09-19 20:26:28
2024-09-19 20:26:29
2024-09-19 20:26:30
2024-09-19 20:26:31
2024-09-19 20:26:32
2024-09-19 20:26:33
2024-09-19 20:26:34
2024-09-19 20:26:35
2024-09-19 20:26:36
2024-09-19 20:26:37
2024-09-19 20:26:38
2024-09-19 20:26:39
2024-09-19 20:26:40
2024-09-19 20:26:41
2024-09-19 20:26:42
2024-09-19 20:26:43
2024-09-19 20:26:44
2024-09-19 20:26:45
2024-09-19 20:26:46
2024-09-19 20:26:47
2024-09-19 20:26:48
2024-09-19 20:26:49
2024-09-19 20:26:50
2024-09-19 20:26:51
2024-09-19 20:26:52
2024-09-19 20:26:53
2024-09-19 20:26:54
2024-09-19 20:26:55
2024-09-19 20:26:56
2024-09-19 20:26:57
2024-09-19 20:26:58
2024-09-19 20:26:59
2024-09-19 20:27:00
2024-09-19 20:27:01
2024-09-19 20:27:02
2024-09-19 20:27:03
2024-09-19 20:27:04
2024-09-19 20:27:05
2024-09-19 20:27:06
2024-09-19 20:27:07
2024-09-19 20:27:08
2024-09-19 20:27:09
2024-09-19 20:27:10
2024-09-19 20:27:11
2024-09-19 20:27:12
2024-09-19 20:27:13
2024-09-19 20:27:14
2024-09-19 20:27:15
2024-09-19 20:27:16
2024-09-19 20:27:17
2024-09-19 20:27:18
2024-09-19 20:27:19
2024-09-19 20:27:20
2024-09-19 20:27:21
2024-09-19 20:27:22
2024-09-19 20:27:23
2024-09-19 20:27:24
2024-09-19 20:27:25
2024-09-19 20:27:26
2024-09-19 20:27:27
2024-09-19 20:27:28
2024-09-19 20:27:29
2024-09-19 20:27:30
2024-09-19 20:27:31
2024-09-19 20:27:32
2024-09-19 20:27:33
2024-09-19 20:27:34
2024-09-19 20:27:35
2024-09-19 20:27:36
2024-09-19 20:27:37
2024-09-19 20:27:38
2024-09-19 20:27:39
2024-09-19 20:27:40
2024-09-19 20:27:41
2024-09-19 20:27:42
2024-09-19 20:27:43
2024-09-19 20:27:44
2024-09-19 20:27:45
2024-09-19 20:27:46
2024-09-19 20:27:47
2024-09-19 20:27:48
2024-09-19 20:27:49
2024-09-19 20:27:50
2024-09-19 20:27:51
2024-09-19 20:27:52
2024-09-19 20:27:53
2024-09-19 20:27:54
2024-09-19 20:27:55
2024-09-19 20:27:56
2024-09-19 20:27:57
2024-09-19 20:27:58
2024-09-19 20:27:59
2024-09-19 20:28:00
2024-09-19 20:28:01
2024-09-19 20:28:02
2024-09-19 20:28:03
2024-09-19 20:28:04
2024-09-19 20:28:05
2024-09-19 20:28:06
2024-09-19 20:28:07
2024-09-19 20:28:08
2024-09-19 20:28:09
2024-09-19 20:28:10
2024-09-19 20:28:11
2024-09-19 20:28:12
2024-09-19 20:28:13
2024-09-19 20:28:14
2024-09-19 20:28:15
2024-09-19 20:28:16
2024-09-19 20:28:17
2024-09-19 20:28:18
2024-09-19 20:28:19
2024-09-19 20:28:20
2024-09-19 20:28:21
2024-09-19 20:28:22
2024-09-19 20:28:23
2024-09-19 20:28:24
2024-09-19 20:28:25
2024-09-19 20:28:26
2024-09-19 20:28:27
2024-09-19 20:28:28
2024-09-19 20:28:29
2024-09-19 20:28:30
2024-09-19 20:28:31
2024-09-19 20:28:32
2024-09-19 20:28:33
2024-09-19 20:28:34
2024-09-19 20:28:35
2024-09-19 20:28:36
2024-09-19 20:28:37
2024-09-19 20:28:38
2024-09-19 20:28:39
2024-09-19 20:28:40
2024-09-19 20:28:41
2024-09-19 20:28:42
2024-09-19 20:28:44
2024-09-19 20:28:45
2024-09-19 20:28:46
2024-09-19 20:28:47
2024-09-19 20:28:48
2024-09-19 20:28:49
2024-09-19 20:28:50
2024-09-19 20:28:51
2024-09-19 20:28:52
2024-09-19 20:28:53
2024-09-19 20:28:54
2024-09-19 20:28:55
2024-09-19 20:28:56
2024-09-19 20:28:57
2024-09-19 20:28:58
2024-09-19 20:28:59
2024-09-19 20:29:00
2024-09-19 20:29:01
2024-09-19 20:29:02
2024-09-19 20:29:03
2024-09-19 20:29:04
2024-09-19 20:29:05
2024-09-19 20:29:06
2024-09-19 20:29:07
2024-09-19 20:29:08
2024-09-19 20:29:09
2024-09-19 20:29:10
2024-09-19 20:29:11
2024-09-19 20:29:12
2024-09-19 20:29:13
2024-09-19 20:29:14
2024-09-19 20:29:15
2024-09-19 20:29:16
2024-09-19 20:29:17
2024-09-19 20:29:18
2024-09-19 20:29:19
2024-09-19 20:29:20
2024-09-19 20:29:21
2024-09-19 20:29:22
2024-09-19 20:29:23
2024-09-19 20:29:24
2024-09-19 20:29:25
2024-09-19 20:29:26
2024-09-19 20:29:27
2024-09-19 20:29:28
2024-09-19 20:29:29
2024-09-19 20:29:30
2024-09-19 20:29:31
2024-09-19 20:29:32
2024-09-19 20:29:33
2024-09-19 20:29:34
2024-09-19 20:29:35
2024-09-19 20:29:36
2024-09-19 20:29:37
2024-09-19 20:29:38
2024-09-19 20:29:39
2024-09-19 20:29:40
2024-09-19 20:29:41
2024-09-19 20:29:42
2024-09-19 20:29:43
2024-09-19 20:29:44
2024-09-19 20:29:45
2024-09-19 20:29:46
2024-09-19 20:29:47
2024-09-19 20:29:48
2024-09-19 20:29:49
2024-09-19 20:29:50
2024-09-19 20:29:51
2024-09-19 20:29:52
2024-09-19 20:29:53
2024-09-19 20:29:54
2024-09-19 20:29:55
2024-09-19 20:29:56
2024-09-19 20:29:57
2024-09-19 20:29:58
2024-09-19 20:29:59
2024-09-19 20:30:00
2024-09-19 20:30:01
2024-09-19 20:30:02
2024-09-19 20:30:03
2024-09-19 20:30:04
2024-09-19 20:30:05
2024-09-19 20:30:06
2024-09-19 20:30:07
2024-09-19 20:30:08
2024-09-19 20:30:09
2024-09-19 20:30:10
2024-09-19 20:30:11
2024-09-19 20:30:12
2024-09-19 20:30:13
2024-09-19 20:30:14
2024-09-19 20:30:15
2024-09-19 20:30:16
2024-09-19 20:30:17
2024-09-19 20:30:18
2024-09-19 20:30:19
2024-09-19 20:30:20
2024-09-19 20:30:21
2024-09-19 20:30:22
2024-09-19 20:30:23
2024-09-19 20:30:24
2024-09-19 20:30:25
2024-09-19 20:30:26
2024-09-19 20:30:27
2024-09-19 20:30:28
2024-09-19 20:30:29
2024-09-19 20:30:30
2024-09-19 20:30:31
2024-09-19 20:30:32
2024-09-19 20:30:33
2024-09-19 20:30:34
2024-09-19 20:30:35
2024-09-19 20:30:36
2024-09-19 20:30:37
2024-09-19 20:30:38
2024-09-19 20:30:39
2024-09-19 20:30:40
2024-09-19 20:30:41
2024-09-19 20:30:42
2024-09-19 20:30:43
2024-09-19 20:30:44
2024-09-19 20:30:45
2024-09-19 20:30:46
2024-09-19 20:30:47
2024-09-19 20:30:48
2024-09-19 20:30:49
2024-09-19 20:30:50
2024-09-19 20:30:51
2024-09-19 20:30:52
2024-09-19 20:30:53
2024-09-19 20:30:54
2024-09-19 20:30:55
2024-09-19 20:30:56
2024-09-19 20:30:57
2024-09-19 20:30:58
2024-09-19 20:30:59
2024-09-19 20:31:00
2024-09-19 20:31:01
2024-09-19 20:31:02
2024-09-19 20:31:03
2024-09-19 20:31:04
2024-09-19 20:31:05
2024-09-19 20:31:06
2024-09-19 20:31:07
2024-09-19 20:31:08
2024-09-19 20:31:09
2024-09-19 20:31:10
2024-09-19 20:31:11
2024-09-19 20:31:12
2024-09-19 20:31:13
2024-09-19 20:31:14
2024-09-19 20:31:15
2024-09-19 20:31:16
2024-09-19 20:31:17
2024-09-19 20:31:18
2024-09-19 20:31:19
2024-09-19 20:31:20
2024-09-19 20:31:21
2024-09-19 20:31:22
2024-09-19 20:31:23
2024-09-19 20:31:24
2024-09-19 20:31:25
2024-09-19 20:31:26
2024-09-19 20:31:27
2024-09-19 20:31:28
2024-09-19 20:31:29
2024-09-19 20:31:30
2024-09-19 20:31:31
2024-09-19 20:31:32
2024-09-19 20:31:33
2024-09-19 20:31:34
2024-09-19 20:31:35
2024-09-19 20:31:36
2024-09-19 20:31:37
2024-09-19 20:31:38
2024-09-19 20:31:39
2024-09-19 20:31:40
2024-09-19 20:31:41
2024-09-19 20:31:42
2024-09-19 20:31:43
2024-09-19 20:31:44
2024-09-19 20:31:45
2024-09-19 20:31:46
2024-09-19 20:31:47
2024-09-19 20:31:48
2024-09-19 20:31:49
2024-09-19 20:31:50
2024-09-19 20:31:51
2024-09-19 20:31:52
2024-09-19 20:31:53
2024-09-19 20:31:54
2024-09-19 20:31:55
2024-09-19 20:31:56
2024-09-19 20:31:57
2024-09-19 20:31:58
2024-09-19 20:31:59
2024-09-19 20:32:00
2024-09-19 20:32:01
2024-09-19 20:32:02
2024-09-19 20:32:03
2024-09-19 20:32:04
2024-09-19 20:32:05
2024-09-19 20:32:06
2024-09-19 20:32:07
2024-09-19 20:32:08
2024-09-19 20:32:09
2024-09-19 20:32:10
2024-09-19 20:32:11
2024-09-19 20:32:12
2024-09-19 20:32:13
2024-09-19 20:32:14
2024-09-19 20:32:15
2024-09-19 20:32:16
2024-09-19 20:32:17
2024-09-19 20:32:18
2024-09-19 20:32:19
2024-09-19 20:32:20
2024-09-19 20:32:21
2024-09-19 20:32:22
2024-09-19 20:32:23
2024-09-19 20:32:24
2024-09-19 20:32:25
2024-09-19 20:32:26
2024-09-19 20:32:27
2024-09-19 20:32:28
2024-09-19 20:32:29
2024-09-19 20:32:30
2024-09-19 20:32:31
2024-09-19 20:32:32
2024-09-19 20:32:33
2024-09-19 20:32:34
2024-09-19 20:32:36
2024-09-19 20:32:37
2024-09-19 20:32:38
2024-09-19 20:32:39
2024-09-19 20:32:40
2024-09-19 20:32:41
2024-09-19 20:32:42
2024-09-19 20:32:43
2024-09-19 20:32:44
2024-09-19 20:32:45
2024-09-19 20:32:46
2024-09-19 20:32:47
2024-09-19 20:32:48
2024-09-19 20:32:49
2024-09-19 20:32:50
2024-09-19 20:32:51
2024-09-19 20:32:52
2024-09-19 20:32:53
2024-09-19 20:32:54
2024-09-19 20:32:55
2024-09-19 20:32:56
2024-09-19 20:32:57
2024-09-19 20:32:58
2024-09-19 20:32:59
2024-09-19 20:33:00
2024-09-19 20:33:01
2024-09-19 20:33:02
2024-09-19 20:33:03
2024-09-19 20:33:04
2024-09-19 20:33:05
2024-09-19 20:33:06
2024-09-19 20:33:07
2024-09-19 20:33:08
2024-09-19 20:33:09
2024-09-19 20:33:10
2024-09-19 20:33:11
2024-09-19 20:33:12
2024-09-19 20:33:13
2024-09-19 20:33:14
2024-09-19 20:33:15
2024-09-19 20:33:16
2024-09-19 20:33:17
2024-09-19 20:33:18
2024-09-19 20:33:19
2024-09-19 20:33:20
2024-09-19 20:33:21
2024-09-19 20:33:22
2024-09-19 20:33:23
2024-09-19 20:33:24
2024-09-19 20:33:25
2024-09-19 20:33:26
2024-09-19 20:33:27
2024-09-19 20:33:28
2024-09-19 20:33:29
2024-09-19 20:33:30
2024-09-19 20:33:31
2024-09-19 20:33:32
2024-09-19 20:33:33
2024-09-19 20:33:34
2024-09-19 20:33:35
2024-09-19 20:33:36
2024-09-19 20:33:37
2024-09-19 20:33:38
2024-09-19 20:33:39
2024-09-19 20:33:40
2024-09-19 20:33:41
2024-09-19 20:33:42
2024-09-19 20:33:43
2024-09-19 20:33:44
2024-09-19 20:33:45
2024-09-19 20:33:46
2024-09-19 20:33:47
2024-09-19 20:33:48
2024-09-19 20:33:49
2024-09-19 20:33:50
2024-09-19 20:33:51
2024-09-19 20:33:52
2024-09-19 20:33:53
2024-09-19 20:33:54
2024-09-19 20:33:55
2024-09-19 20:33:56
2024-09-19 20:33:57
2024-09-19 20:33:58
2024-09-19 20:33:59
2024-09-19 20:34:00
2024-09-19 20:34:01
2024-09-19 20:34:02
2024-09-19 20:34:03
2024-09-19 20:34:04
2024-09-19 20:34:05
2024-09-19 20:34:06
2024-09-19 20:34:07
2024-09-19 20:34:08
2024-09-19 20:34:09
2024-09-19 20:34:10
2024-09-19 20:34:11
2024-09-19 20:34:12
2024-09-19 20:34:13
2024-09-19 20:34:14
2024-09-19 20:34:15
2024-09-19 20:34:16
2024-09-19 20:34:17
2024-09-19 20:34:18
2024-09-19 20:34:19
2024-09-19 20:34:20
2024-09-19 20:34:21
2024-09-19 20:34:22
2024-09-19 20:34:24
2024-09-19 20:34:25
2024-09-19 20:34:26
2024-09-19 20:34:27
2024-09-19 20:34:28
2024-09-19 20:34:29
2024-09-19 20:34:30
2024-09-19 20:34:31
2024-09-19 20:34:32
2024-09-19 20:34:33
2024-09-19 20:34:34
2024-09-19 20:34:35
2024-09-19 20:34:36
2024-09-19 20:34:37
2024-09-19 20:34:38
2024-09-19 20:34:39
2024-09-19 20:34:40
2024-09-19 20:34:41
2024-09-19 20:34:42
2024-09-19 20:34:43
2024-09-19 20:34:44
2024-09-19 20:34:45
2024-09-19 20:34:46
2024-09-19 20:34:47
2024-09-19 20:34:48
2024-09-19 20:34:49
2024-09-19 20:34:50
2024-09-19 20:34:51
2024-09-19 20:34:52
2024-09-19 20:34:53
2024-09-19 20:34:54
2024-09-19 20:34:55
2024-09-19 20:34:56
2024-09-19 20:34:57
2024-09-19 20:34:58
2024-09-19 20:34:59
2024-09-19 20:35:00
2024-09-19 20:35:01
2024-09-19 20:35:02
2024-09-19 20:35:03
2024-09-19 20:35:04
2024-09-19 20:35:05
2024-09-19 20:35:06
2024-09-19 20:35:07
2024-09-19 20:35:08
2024-09-19 20:35:09
2024-09-19 20:35:10
2024-09-19 20:35:11
2024-09-19 20:35:12
2024-09-19 20:35:13
2024-09-19 20:35:14
2024-09-19 20:35:15
2024-09-19 20:35:16
2024-09-19 20:35:17
2024-09-19 20:35:18
2024-09-19 20:35:19
2024-09-19 20:35:20
2024-09-19 20:35:21
2024-09-19 20:35:22
2024-09-19 20:35:23
2024-09-19 20:35:24
2024-09-19 20:35:25
2024-09-19 20:35:26
2024-09-19 20:35:27
2024-09-19 20:35:28
2024-09-19 20:35:29
2024-09-19 20:35:30
2024-09-19 20:35:31
2024-09-19 20:35:32
2024-09-19 20:35:33
2024-09-19 20:35:34
2024-09-19 20:35:35
2024-09-19 20:35:36
2024-09-19 20:35:37
2024-09-19 20:35:38
2024-09-19 20:35:39
2024-09-19 20:35:40
2024-09-19 20:35:41
2024-09-19 20:35:42
2024-09-19 20:35:43
2024-09-19 20:35:44
2024-09-19 20:35:45
2024-09-19 20:35:46
2024-09-19 20:35:47
2024-09-19 20:35:48
2024-09-19 20:35:49
2024-09-19 20:35:50
2024-09-19 20:35:51
2024-09-19 20:35:52
2024-09-19 20:35:53
2024-09-19 20:35:54
2024-09-19 20:35:55
2024-09-19 20:35:56
2024-09-19 20:35:57
2024-09-19 20:35:58
2024-09-19 20:35:59
2024-09-19 20:36:00
2024-09-19 20:36:01
2024-09-19 20:36:02
2024-09-19 20:36:03
2024-09-19 20:36:04
2024-09-19 20:36:05
2024-09-19 20:36:06
2024-09-19 20:36:07
2024-09-19 20:36:08
2024-09-19 20:36:09
2024-09-19 20:36:10
2024-09-19 20:36:11
2024-09-19 20:36:12
2024-09-19 20:36:13
2024-09-19 20:36:14
2024-09-19 20:36:15
2024-09-19 20:36:16
2024-09-19 20:36:17
2024-09-19 20:36:18
2024-09-19 20:36:19
2024-09-19 20:36:20
2024-09-19 20:36:21
2024-09-19 20:36:22
2024-09-19 20:36:23
2024-09-19 20:36:24
2024-09-19 20:36:25
2024-09-19 20:36:26
2024-09-19 20:36:27
2024-09-19 20:36:28
2024-09-19 20:36:29
2024-09-19 20:36:30
2024-09-19 20:36:31
2024-09-19 20:36:32
2024-09-19 20:36:33
2024-09-19 20:36:34
2024-09-19 20:36:35
2024-09-19 20:36:36
2024-09-19 20:36:37
2024-09-19 20:36:38
2024-09-19 20:36:39
2024-09-19 20:36:40
2024-09-19 20:36:41
2024-09-19 20:36:42
2024-09-19 20:36:43
2024-09-19 20:36:44
2024-09-19 20:36:45
2024-09-19 20:36:46
2024-09-19 20:36:47
2024-09-19 20:36:48
2024-09-19 20:36:49
2024-09-19 20:36:50
2024-09-19 20:36:51
2024-09-19 20:36:52
2024-09-19 20:36:53
2024-09-19 20:36:54
2024-09-19 20:36:55
2024-09-19 20:36:56
2024-09-19 20:36:57
2024-09-19 20:36:58
2024-09-19 20:36:59
2024-09-19 20:37:00
2024-09-19 20:37:01
2024-09-19 20:37:02
2024-09-19 20:37:03
2024-09-19 20:37:04
2024-09-19 20:37:05
2024-09-19 20:37:06
2024-09-19 20:37:07
2024-09-19 20:37:08
2024-09-19 20:37:09
2024-09-19 20:37:10
2024-09-19 20:37:11
2024-09-19 20:37:12
2024-09-19 20:37:13
2024-09-19 20:37:14
2024-09-19 20:37:15
2024-09-19 20:37:16
2024-09-19 20:37:17
2024-09-19 20:37:18
2024-09-19 20:37:19
2024-09-19 20:37:20
2024-09-19 20:37:21
2024-09-19 20:37:22
2024-09-19 20:37:23
2024-09-19 20:37:24
2024-09-19 20:37:25
2024-09-19 20:37:26
2024-09-19 20:37:27
2024-09-19 20:37:28
2024-09-19 20:37:29
2024-09-19 20:37:30
2024-09-19 20:37:31
2024-09-19 20:37:32
2024-09-19 20:37:33
2024-09-19 20:37:34
2024-09-19 20:37:35
2024-09-19 20:37:36
2024-09-19 20:37:37
2024-09-19 20:37:38
2024-09-19 20:37:39
2024-09-19 20:37:40
2024-09-19 20:37:41
2024-09-19 20:37:42
2024-09-19 20:37:43
2024-09-19 20:37:44
2024-09-19 20:37:45
2024-09-19 20:37:46
2024-09-19 20:37:47
2024-09-19 20:37:48
2024-09-19 20:37:49
2024-09-19 20:37:50
2024-09-19 20:37:51
2024-09-19 20:37:52
2024-09-19 20:37:53
2024-09-19 20:37:54
2024-09-19 20:37:56
2024-09-19 20:37:57
2024-09-19 20:37:58
2024-09-19 20:37:59
2024-09-19 20:38:00
2024-09-19 20:38:01
2024-09-19 20:38:02
2024-09-19 20:38:03
2024-09-19 20:38:04
2024-09-19 20:38:05
2024-09-19 20:38:06
2024-09-19 20:38:07
2024-09-19 20:38:08
2024-09-19 20:38:09
2024-09-19 20:38:10
2024-09-19 20:38:11
2024-09-19 20:38:12
2024-09-19 20:38:13
2024-09-19 20:38:14
2024-09-19 20:38:15
2024-09-19 20:38:16
2024-09-19 20:38:17
2024-09-19 20:38:18
2024-09-19 20:38:19
2024-09-19 20:38:20
2024-09-19 20:38:21
2024-09-19 20:38:22
2024-09-19 20:38:23
2024-09-19 20:38:24
2024-09-19 20:38:25
2024-09-19 20:38:26
2024-09-19 20:38:27
2024-09-19 20:38:28
2024-09-19 20:38:29
2024-09-19 20:38:30
2024-09-19 20:38:31
2024-09-19 20:38:32
2024-09-19 20:38:33
2024-09-19 20:38:34
2024-09-19 20:38:35
2024-09-19 20:38:36
2024-09-19 20:38:37
2024-09-19 20:38:38
2024-09-19 20:38:39
2024-09-19 20:38:40
2024-09-19 20:38:41
2024-09-19 20:38:42
2024-09-19 20:38:43
2024-09-19 20:38:44
2024-09-19 20:38:45
2024-09-19 20:38:46
2024-09-19 20:38:47
2024-09-19 20:38:48
2024-09-19 20:38:49
2024-09-19 20:38:50
2024-09-19 20:38:51
2024-09-19 20:38:52
2024-09-19 20:38:53
2024-09-19 20:38:54
2024-09-19 20:38:55
2024-09-19 20:38:56
2024-09-19 20:38:57
2024-09-19 20:38:58
2024-09-19 20:38:59
2024-09-19 20:39:00
2024-09-19 20:39:01
2024-09-19 20:39:02
2024-09-19 20:39:03
2024-09-19 20:39:04
2024-09-19 20:39:05
2024-09-19 20:39:06
2024-09-19 20:39:07
2024-09-19 20:39:08
2024-09-19 20:39:09
2024-09-19 20:39:10
2024-09-19 20:39:11
2024-09-19 20:39:12
2024-09-19 20:39:13
2024-09-19 20:39:14
2024-09-19 20:39:15
2024-09-19 20:39:16
2024-09-19 20:39:17
2024-09-19 20:39:18
2024-09-19 20:39:19
2024-09-19 20:39:20
2024-09-19 20:39:21
2024-09-19 20:39:22
2024-09-19 20:39:23
2024-09-19 20:39:24
2024-09-19 20:39:25
2024-09-19 20:39:26
2024-09-19 20:39:27
2024-09-19 20:39:28
2024-09-19 20:39:29
2024-09-19 20:39:30
2024-09-19 20:39:31
2024-09-19 20:39:32
2024-09-19 20:39:33
2024-09-19 20:39:34
2024-09-19 20:39:35
2024-09-19 20:39:36
2024-09-19 20:39:37
2024-09-19 20:39:38
2024-09-19 20:39:39
2024-09-19 20:39:40
2024-09-19 20:39:41
2024-09-19 20:39:42
2024-09-19 20:39:43
2024-09-19 20:39:44
2024-09-19 20:39:45
2024-09-19 20:39:46
2024-09-19 20:39:47
2024-09-19 20:39:48
2024-09-19 20:39:49
2024-09-19 20:39:50
2024-09-19 20:39:51
2024-09-19 20:39:52
2024-09-19 20:39:53
2024-09-19 20:39:54
2024-09-19 20:39:55
2024-09-19 20:39:56
2024-09-19 20:39:57
2024-09-19 20:39:58
2024-09-19 20:39:59
2024-09-19 20:40:00
2024-09-19 20:40:01
2024-09-19 20:40:02
2024-09-19 20:40:03
2024-09-19 20:40:04
2024-09-19 20:40:05
2024-09-19 20:40:06
2024-09-19 20:40:07
2024-09-19 20:40:08
2024-09-19 20:40:09
2024-09-19 20:40:10
2024-09-19 20:40:11
2024-09-19 20:40:12
2024-09-19 20:40:13
2024-09-19 20:40:14
2024-09-19 20:40:15
2024-09-19 20:40:16
2024-09-19 20:40:17
2024-09-19 20:40:18
2024-09-19 20:40:19
2024-09-19 20:40:20
2024-09-19 20:40:21
2024-09-19 20:40:22
2024-09-19 20:40:23
2024-09-19 20:40:24
2024-09-19 20:40:25
2024-09-19 20:40:26
2024-09-19 20:40:27
2024-09-19 20:40:28
2024-09-19 20:40:29
2024-09-19 20:40:30
2024-09-19 20:40:31
2024-09-19 20:40:32
2024-09-19 20:40:33
2024-09-19 20:40:34
2024-09-19 20:40:35
2024-09-19 20:40:36
2024-09-19 20:40:37
2024-09-19 20:40:38
2024-09-19 20:40:39
2024-09-19 20:40:40
2024-09-19 20:40:41
2024-09-19 20:40:42
2024-09-19 20:40:43
2024-09-19 20:40:44
2024-09-19 20:40:45
2024-09-19 20:40:46
2024-09-19 20:40:47
2024-09-19 20:40:48
2024-09-19 20:40:49
2024-09-19 20:40:50
2024-09-19 20:40:51
2024-09-19 20:40:52
2024-09-19 20:40:53
2024-09-19 20:40:54
2024-09-19 20:40:55
2024-09-19 20:40:56
2024-09-19 20:40:57
2024-09-19 20:40:58
2024-09-19 20:40:59
2024-09-19 20:41:00
2024-09-19 20:41:01
2024-09-19 20:41:02
2024-09-19 20:41:03
2024-09-19 20:41:04
2024-09-19 20:41:05
2024-09-19 20:41:06
2024-09-19 20:41:07
2024-09-19 20:41:08
2024-09-19 20:41:09
2024-09-19 20:41:10
2024-09-19 20:41:11
2024-09-19 20:41:12
2024-09-19 20:41:13
2024-09-19 20:41:14
2024-09-19 20:41:15
2024-09-19 20:41:16
2024-09-19 20:41:17
2024-09-19 20:41:18
2024-09-19 20:41:19
2024-09-19 20:41:20
2024-09-19 20:41:21
2024-09-19 20:41:22
2024-09-19 20:41:23
2024-09-19 20:41:24
2024-09-19 20:41:25
2024-09-19 20:41:26
2024-09-19 20:41:27
2024-09-19 20:41:28
2024-09-19 20:41:29
2024-09-19 20:41:30
2024-09-19 20:41:31
2024-09-19 20:41:32
2024-09-19 20:41:33
2024-09-19 20:41:34
2024-09-19 20:41:35
2024-09-19 20:41:36
2024-09-19 20:41:38
2024-09-19 20:41:39
2024-09-19 20:41:40
2024-09-19 20:41:41
2024-09-19 20:41:42
2024-09-19 20:41:43
2024-09-19 20:41:44
2024-09-19 20:41:45
2024-09-19 20:41:46
2024-09-19 20:41:47
2024-09-19 20:41:48
2024-09-19 20:41:49
2024-09-19 20:41:50
2024-09-19 20:41:51
2024-09-19 20:41:52
2024-09-19 20:41:53
2024-09-19 20:41:54
2024-09-19 20:41:55
2024-09-19 20:41:56
2024-09-19 20:41:57
2024-09-19 20:41:58
2024-09-19 20:41:59
2024-09-19 20:42:00
2024-09-19 20:42:01
2024-09-19 20:42:02
2024-09-19 20:42:03
2024-09-19 20:42:04
2024-09-19 20:42:05
2024-09-19 20:42:06
2024-09-19 20:42:07
2024-09-19 20:42:08
2024-09-19 20:42:09
2024-09-19 20:42:10
2024-09-19 20:42:11
2024-09-19 20:42:12
2024-09-19 20:42:13
2024-09-19 20:42:14
2024-09-19 20:42:15
2024-09-19 20:42:16
2024-09-19 20:42:17
2024-09-19 20:42:18
2024-09-19 20:42:19
2024-09-19 20:42:20
2024-09-19 20:42:21
2024-09-19 20:42:22
2024-09-19 20:42:23
2024-09-19 20:42:24
2024-09-19 20:42:25
2024-09-19 20:42:26
2024-09-19 20:42:27
2024-09-19 20:42:28
2024-09-19 20:42:29
2024-09-19 20:42:30
2024-09-19 20:42:31
2024-09-19 20:42:32
2024-09-19 20:42:33
2024-09-19 20:42:34
2024-09-19 20:42:35
2024-09-19 20:42:36
2024-09-19 20:42:37
2024-09-19 20:42:38
2024-09-19 20:42:39
2024-09-19 20:42:40
2024-09-19 20:42:41
2024-09-19 20:42:42
2024-09-19 20:42:43
2024-09-19 20:42:44
2024-09-19 20:42:45
2024-09-19 20:42:46
2024-09-19 20:42:47
2024-09-19 20:42:48
2024-09-19 20:42:49
2024-09-19 20:42:50
2024-09-19 20:42:51
2024-09-19 20:42:52
2024-09-19 20:42:53
2024-09-19 20:42:54
2024-09-19 20:42:55
2024-09-19 20:42:56
2024-09-19 20:42:57
2024-09-19 20:42:58
2024-09-19 20:42:59
2024-09-19 20:43:00
2024-09-19 20:43:01
2024-09-19 20:43:02
2024-09-19 20:43:03
2024-09-19 20:43:04
2024-09-19 20:43:05
2024-09-19 20:43:06
2024-09-19 20:43:07
2024-09-19 20:43:08
2024-09-19 20:43:09
2024-09-19 20:43:10
2024-09-19 20:43:11
2024-09-19 20:43:12
2024-09-19 20:43:13
2024-09-19 20:43:14
2024-09-19 20:43:15
2024-09-19 20:43:16
2024-09-19 20:43:17
2024-09-19 20:43:18
2024-09-19 20:43:19
2024-09-19 20:43:20
2024-09-19 20:43:21
2024-09-19 20:43:22
2024-09-19 20:43:23
2024-09-19 20:43:24
2024-09-19 20:43:25
2024-09-19 20:43:26
2024-09-19 20:43:27
2024-09-19 20:43:28
2024-09-19 20:43:29
2024-09-19 20:43:30
2024-09-19 20:43:31
2024-09-19 20:43:32
2024-09-19 20:43:33
2024-09-19 20:43:34
2024-09-19 20:43:35
2024-09-19 20:43:36
2024-09-19 20:43:37
2024-09-19 20:43:38
2024-09-19 20:43:39
2024-09-19 20:43:40
2024-09-19 20:43:41
2024-09-19 20:43:42
2024-09-19 20:43:43
2024-09-19 20:43:44
2024-09-19 20:43:45
2024-09-19 20:43:46
2024-09-19 20:43:47
2024-09-19 20:43:48
2024-09-19 20:43:49
2024-09-19 20:43:50
2024-09-19 20:43:51
2024-09-19 20:43:52
2024-09-19 20:43:53
2024-09-19 20:43:54
2024-09-19 20:43:55
2024-09-19 20:43:56
2024-09-19 20:43:57
2024-09-19 20:43:58
2024-09-19 20:43:59
2024-09-19 20:44:00
2024-09-19 20:44:01
2024-09-19 20:44:02
2024-09-19 20:44:03
2024-09-19 20:44:04
2024-09-19 20:44:05
2024-09-19 20:44:06
2024-09-19 20:44:07
2024-09-19 20:44:08
2024-09-19 20:44:09
2024-09-19 20:44:10
2024-09-19 20:44:11
2024-09-19 20:44:12
2024-09-19 20:44:13
2024-09-19 20:44:14
2024-09-19 20:44:15
2024-09-19 20:44:16
2024-09-19 20:44:17
2024-09-19 20:44:18
2024-09-19 20:44:19
2024-09-19 20:44:20
2024-09-19 20:44:21
2024-09-19 20:44:22
2024-09-19 20:44:23
2024-09-19 20:44:24
2024-09-19 20:44:25
2024-09-19 20:44:26
2024-09-19 20:44:27
2024-09-19 20:44:28
2024-09-19 20:44:29
2024-09-19 20:44:30
2024-09-19 20:44:31
2024-09-19 20:44:32
2024-09-19 20:44:33
2024-09-19 20:44:34
2024-09-19 20:44:35
2024-09-19 20:44:36
2024-09-19 20:44:37
2024-09-19 20:44:38
2024-09-19 20:44:39
2024-09-19 20:44:40
2024-09-19 20:44:41
2024-09-19 20:44:42
2024-09-19 20:44:43
2024-09-19 20:44:44
2024-09-19 20:44:45
2024-09-19 20:44:46
2024-09-19 20:44:47
2024-09-19 20:44:48
2024-09-19 20:44:49
2024-09-19 20:44:50
2024-09-19 20:44:51
2024-09-19 20:44:52
2024-09-19 20:44:53
2024-09-19 20:44:54
2024-09-19 20:44:55
2024-09-19 20:44:56
2024-09-19 20:44:57
2024-09-19 20:44:58
2024-09-19 20:45:00
2024-09-19 20:45:01
2024-09-19 20:45:02
2024-09-19 20:45:03
2024-09-19 20:45:04
2024-09-19 20:45:05
2024-09-19 20:45:06
2024-09-19 20:45:07
2024-09-19 20:45:08
2024-09-19 20:45:09
2024-09-19 20:45:10
2024-09-19 20:45:11
2024-09-19 20:45:12
2024-09-19 20:45:13
2024-09-19 20:45:14
2024-09-19 20:45:15
2024-09-19 20:45:16
2024-09-19 20:45:17
2024-09-19 20:45:18
2024-09-19 20:45:19
2024-09-19 20:45:20
2024-09-19 20:45:21
2024-09-19 20:45:22
2024-09-19 20:45:23
2024-09-19 20:45:24
2024-09-19 20:45:25
2024-09-19 20:45:26
2024-09-19 20:45:27
2024-09-19 20:45:28
2024-09-19 20:45:29
2024-09-19 20:45:30
2024-09-19 20:45:31
2024-09-19 20:45:32
2024-09-19 20:45:33
2024-09-19 20:45:34
2024-09-19 20:45:35
2024-09-19 20:45:36
2024-09-19 20:45:37
2024-09-19 20:45:38
2024-09-19 20:45:39
2024-09-19 20:45:40
2024-09-19 20:45:41
2024-09-19 20:45:42
2024-09-19 20:45:43
2024-09-19 20:45:44
2024-09-19 20:45:45
2024-09-19 20:45:46
2024-09-19 20:45:47
2024-09-19 20:45:48
2024-09-19 20:45:49
2024-09-19 20:45:50
2024-09-19 20:45:51
2024-09-19 20:45:52
2024-09-19 20:45:53
2024-09-19 20:45:54
2024-09-19 20:45:55
2024-09-19 20:45:56
2024-09-19 20:45:57
2024-09-19 20:45:58
2024-09-19 20:45:59
2024-09-19 20:46:00
2024-09-19 20:46:01
2024-09-19 20:46:02
2024-09-19 20:46:03
2024-09-19 20:46:04
2024-09-19 20:46:05
2024-09-19 20:46:06
2024-09-19 20:46:07
2024-09-19 20:46:08
2024-09-19 20:46:09
2024-09-19 20:46:10
2024-09-19 20:46:11
2024-09-19 20:46:12
2024-09-19 20:46:13
2024-09-19 20:46:14
2024-09-19 20:46:15
2024-09-19 20:46:16
2024-09-19 20:46:17
2024-09-19 20:46:18
2024-09-19 20:46:19
2024-09-19 20:46:20
2024-09-19 20:46:21
2024-09-19 20:46:22
2024-09-19 20:46:23
2024-09-19 20:46:24
2024-09-19 20:46:25
2024-09-19 20:46:26
2024-09-19 20:46:27
2024-09-19 20:46:28
2024-09-19 20:46:29
2024-09-19 20:46:30
2024-09-19 20:46:31
2024-09-19 20:46:32
2024-09-19 20:46:33
2024-09-19 20:46:34
2024-09-19 20:46:35
2024-09-19 20:46:36
2024-09-19 20:46:37
2024-09-19 20:46:38
2024-09-19 20:46:39
2024-09-19 20:46:40
2024-09-19 20:46:41
2024-09-19 20:46:42
2024-09-19 20:46:43
2024-09-19 20:46:44
2024-09-19 20:46:45
2024-09-19 20:46:46
2024-09-19 20:46:47
2024-09-19 20:46:48
2024-09-19 20:46:49
2024-09-19 20:46:50
2024-09-19 20:46:51
2024-09-19 20:46:52
2024-09-19 20:46:53
2024-09-19 20:46:54
2024-09-19 20:46:55
2024-09-19 20:46:56
2024-09-19 20:46:57
2024-09-19 20:46:58
2024-09-19 20:46:59
2024-09-19 20:47:00
2024-09-19 20:47:01
2024-09-19 20:47:02
2024-09-19 20:47:03
2024-09-19 20:47:04
2024-09-19 20:47:05
2024-09-19 20:47:06
2024-09-19 20:47:07
2024-09-19 20:47:08
2024-09-19 20:47:09
2024-09-19 20:47:10
2024-09-19 20:47:11
2024-09-19 20:47:12
2024-09-19 20:47:13
2024-09-19 20:47:14
2024-09-19 20:47:15
2024-09-19 20:47:16
2024-09-19 20:47:17
2024-09-19 20:47:18
2024-09-19 20:47:19
2024-09-19 20:47:20
2024-09-19 20:47:21
2024-09-19 20:47:22
2024-09-19 20:47:23
2024-09-19 20:47:24
2024-09-19 20:47:25
2024-09-19 20:47:26
2024-09-19 20:47:27
2024-09-19 20:47:28
2024-09-19 20:47:29
2024-09-19 20:47:30
2024-09-19 20:47:31
2024-09-19 20:47:32
2024-09-19 20:47:33
2024-09-19 20:47:34
2024-09-19 20:47:35
2024-09-19 20:47:36
2024-09-19 20:47:37
2024-09-19 20:47:38
2024-09-19 20:47:39
2024-09-19 20:47:40
2024-09-19 20:47:41
2024-09-19 20:47:42
2024-09-19 20:47:43
2024-09-19 20:47:44
2024-09-19 20:47:45
2024-09-19 20:47:46
2024-09-19 20:47:47
2024-09-19 20:47:48
2024-09-19 20:47:49
2024-09-19 20:47:50
2024-09-19 20:47:51
2024-09-19 20:47:52
2024-09-19 20:47:53
2024-09-19 20:47:54
2024-09-19 20:47:55
2024-09-19 20:47:56
2024-09-19 20:47:57
2024-09-19 20:47:58
2024-09-19 20:47:59
2024-09-19 20:48:00
2024-09-19 20:48:01
2024-09-19 20:48:02
2024-09-19 20:48:03
2024-09-19 20:48:04
2024-09-19 20:48:05
2024-09-19 20:48:06
2024-09-19 20:48:07
2024-09-19 20:48:08
2024-09-19 20:48:10
2024-09-19 20:48:11
2024-09-19 20:48:12
2024-09-19 20:48:13
2024-09-19 20:48:14
2024-09-19 20:48:15
2024-09-19 20:48:16
2024-09-19 20:48:17
2024-09-19 20:48:18
2024-09-19 20:48:19
2024-09-19 20:48:20
2024-09-19 20:48:21
2024-09-19 20:48:22
2024-09-19 20:48:23
2024-09-19 20:48:24
2024-09-19 20:48:25
2024-09-19 20:48:26
2024-09-19 20:48:27
2024-09-19 20:48:28
2024-09-19 20:48:29
2024-09-19 20:48:30
2024-09-19 20:48:31
2024-09-19 20:48:32
2024-09-19 20:48:33
2024-09-19 20:48:34
2024-09-19 20:48:35
2024-09-19 20:48:36
2024-09-19 20:48:37
2024-09-19 20:48:38
2024-09-19 20:48:39
2024-09-19 20:48:40
2024-09-19 20:48:41
2024-09-19 20:48:42
2024-09-19 20:48:43
2024-09-19 20:48:44
2024-09-19 20:48:45
2024-09-19 20:48:46
2024-09-19 20:48:47
2024-09-19 20:48:48
2024-09-19 20:48:49
2024-09-19 20:48:50
2024-09-19 20:48:51
2024-09-19 20:48:52
2024-09-19 20:48:53
2024-09-19 20:48:54
2024-09-19 20:48:55
2024-09-19 20:48:56
2024-09-19 20:48:57
2024-09-19 20:48:58
2024-09-19 20:48:59
2024-09-19 20:49:00
2024-09-19 20:49:01
2024-09-19 20:49:02
2024-09-19 20:49:03
2024-09-19 20:49:04
2024-09-19 20:49:05
2024-09-19 20:49:06
2024-09-19 20:49:07
2024-09-19 20:49:08
2024-09-19 20:49:09
2024-09-19 20:49:10
2024-09-19 20:49:11
2024-09-19 20:49:12
2024-09-19 20:49:13
2024-09-19 20:49:14
2024-09-19 20:49:15
2024-09-19 20:49:16
2024-09-19 20:49:17
2024-09-19 20:49:18
2024-09-19 20:49:19
2024-09-19 20:49:20
2024-09-19 20:49:21
2024-09-19 20:49:22
2024-09-19 20:49:23
2024-09-19 20:49:24
2024-09-19 20:49:25
2024-09-19 20:49:26
2024-09-19 20:49:27
2024-09-19 20:49:28
2024-09-19 20:49:29
2024-09-19 20:49:30
2024-09-19 20:49:31
2024-09-19 20:49:32
2024-09-19 20:49:33
2024-09-19 20:49:34
2024-09-19 20:49:35
2024-09-19 20:49:36
2024-09-19 20:49:37
2024-09-19 20:49:38
2024-09-19 20:49:39
2024-09-19 20:49:40
2024-09-19 20:49:41
2024-09-19 20:49:42
2024-09-19 20:49:43
2024-09-19 20:49:44
2024-09-19 20:49:45
2024-09-19 20:49:46
2024-09-19 20:49:47
2024-09-19 20:49:48
2024-09-19 20:49:49
2024-09-19 20:49:50
2024-09-19 20:49:51
2024-09-19 20:49:52
2024-09-19 20:49:53
2024-09-19 20:49:54
2024-09-19 20:49:55
2024-09-19 20:49:56
2024-09-19 20:49:57
2024-09-19 20:49:58
2024-09-19 20:49:59
2024-09-19 20:50:00
2024-09-19 20:50:01
2024-09-19 20:50:02
2024-09-19 20:50:03
2024-09-19 20:50:04
2024-09-19 20:50:05
2024-09-19 20:50:06
2024-09-19 20:50:07
2024-09-19 20:50:08
2024-09-19 20:50:09
2024-09-19 20:50:10
2024-09-19 20:50:11
2024-09-19 20:50:12
2024-09-19 20:50:13
2024-09-19 20:50:14
2024-09-19 20:50:15
2024-09-19 20:50:16
2024-09-19 20:50:17
2024-09-19 20:50:18
2024-09-19 20:50:19
2024-09-19 20:50:20
2024-09-19 20:50:21
2024-09-19 20:50:22
2024-09-19 20:50:23
2024-09-19 20:50:24
2024-09-19 20:50:25
2024-09-19 20:50:26
2024-09-19 20:50:27
2024-09-19 20:50:28
2024-09-19 20:50:29
2024-09-19 20:50:30
2024-09-19 20:50:31
2024-09-19 20:50:32
2024-09-19 20:50:33
2024-09-19 20:50:34
2024-09-19 20:50:35
2024-09-19 20:50:36
2024-09-19 20:50:37
2024-09-19 20:50:38
2024-09-19 20:50:39
2024-09-19 20:50:40
2024-09-19 20:50:41
2024-09-19 20:50:42
2024-09-19 20:50:43
2024-09-19 20:50:44
2024-09-19 20:50:45
2024-09-19 20:50:46
2024-09-19 20:50:47
2024-09-19 20:50:48
2024-09-19 20:50:49
2024-09-19 20:50:50
2024-09-19 20:50:51
2024-09-19 20:50:52
2024-09-19 20:50:53
2024-09-19 20:50:54
2024-09-19 20:50:55
2024-09-19 20:50:56
2024-09-19 20:50:57
2024-09-19 20:50:58
2024-09-19 20:50:59
2024-09-19 20:51:00
2024-09-19 20:51:01
2024-09-19 20:51:02
2024-09-19 20:51:03
2024-09-19 20:51:04
2024-09-19 20:51:05
2024-09-19 20:51:06
2024-09-19 20:51:07
2024-09-19 20:51:08
2024-09-19 20:51:09
2024-09-19 20:51:10
2024-09-19 20:51:11
2024-09-19 20:51:12
2024-09-19 20:51:13
2024-09-19 20:51:14
2024-09-19 20:51:15
2024-09-19 20:51:16
2024-09-19 20:51:17
2024-09-19 20:51:18
2024-09-19 20:51:19
2024-09-19 20:51:20
2024-09-19 20:51:21
2024-09-19 20:51:22
2024-09-19 20:51:23
2024-09-19 20:51:24
2024-09-19 20:51:25
2024-09-19 20:51:26
2024-09-19 20:51:28
2024-09-19 20:51:29
2024-09-19 20:51:30
2024-09-19 20:51:31
2024-09-19 20:51:32
2024-09-19 20:51:33
2024-09-19 20:51:34
2024-09-19 20:51:35
2024-09-19 20:51:36
2024-09-19 20:51:37
2024-09-19 20:51:38
2024-09-19 20:51:39
2024-09-19 20:51:40
2024-09-19 20:51:41
2024-09-19 20:51:42
2024-09-19 20:51:43
2024-09-19 20:51:44
2024-09-19 20:51:45
2024-09-19 20:51:46
2024-09-19 20:51:47
2024-09-19 20:51:48
2024-09-19 20:51:49
2024-09-19 20:51:50
2024-09-19 20:51:51
2024-09-19 20:51:52
2024-09-19 20:51:53
2024-09-19 20:51:54
2024-09-19 20:51:55
2024-09-19 20:51:56
2024-09-19 20:51:57
2024-09-19 20:51:58
2024-09-19 20:51:59
2024-09-19 20:52:00
2024-09-19 20:52:01
2024-09-19 20:52:02
2024-09-19 20:52:03
2024-09-19 20:52:04
2024-09-19 20:52:05
2024-09-19 20:52:06
2024-09-19 20:52:07
2024-09-19 20:52:08
2024-09-19 20:52:09
2024-09-19 20:52:10
2024-09-19 20:52:11
2024-09-19 20:52:12
2024-09-19 20:52:13
2024-09-19 20:52:14
2024-09-19 20:52:15
2024-09-19 20:52:16
2024-09-19 20:52:17
2024-09-19 20:52:18
2024-09-19 20:52:19
2024-09-19 20:52:20
2024-09-19 20:52:21
2024-09-19 20:52:22
2024-09-19 20:52:23
2024-09-19 20:52:24
2024-09-19 20:52:25
2024-09-19 20:52:26
2024-09-19 20:52:27
2024-09-19 20:52:28
2024-09-19 20:52:29
2024-09-19 20:52:30
2024-09-19 20:52:31
2024-09-19 20:52:32
2024-09-19 20:52:33
2024-09-19 20:52:34
2024-09-19 20:52:35
2024-09-19 20:52:36
2024-09-19 20:52:37
2024-09-19 20:52:38
2024-09-19 20:52:39
2024-09-19 20:52:40
2024-09-19 20:52:41
2024-09-19 20:52:42
2024-09-19 20:52:43
2024-09-19 20:52:44
2024-09-19 20:52:45
2024-09-19 20:52:46
2024-09-19 20:52:47
2024-09-19 20:52:48
2024-09-19 20:52:49
2024-09-19 20:52:50
2024-09-19 20:52:51
2024-09-19 20:52:52
2024-09-19 20:52:53
2024-09-19 20:52:54
2024-09-19 20:52:55
2024-09-19 20:52:56
2024-09-19 20:52:57
2024-09-19 20:52:58
2024-09-19 20:52:59
2024-09-19 20:53:00
2024-09-19 20:53:01
2024-09-19 20:53:02
2024-09-19 20:53:03
2024-09-19 20:53:04
2024-09-19 20:53:05
2024-09-19 20:53:06
2024-09-19 20:53:07
2024-09-19 20:53:08
2024-09-19 20:53:09
2024-09-19 20:53:10
2024-09-19 20:53:11
2024-09-19 20:53:12
2024-09-19 20:53:13
2024-09-19 20:53:14
2024-09-19 20:53:15
2024-09-19 20:53:16
2024-09-19 20:53:17
2024-09-19 20:53:18
2024-09-19 20:53:19
2024-09-19 20:53:20
2024-09-19 20:53:21
2024-09-19 20:53:22
2024-09-19 20:53:23
2024-09-19 20:53:24
2024-09-19 20:53:25
2024-09-19 20:53:26
2024-09-19 20:53:27
2024-09-19 20:53:28
2024-09-19 20:53:29
2024-09-19 20:53:30
2024-09-19 20:53:31
2024-09-19 20:53:32
2024-09-19 20:53:33
2024-09-19 20:53:34
2024-09-19 20:53:35
2024-09-19 20:53:36
2024-09-19 20:53:37
2024-09-19 20:53:38
2024-09-19 20:53:39
2024-09-19 20:53:40
2024-09-19 20:53:41
2024-09-19 20:53:42
2024-09-19 20:53:43
2024-09-19 20:53:44
2024-09-19 20:53:45
2024-09-19 20:53:46
2024-09-19 20:53:47
2024-09-19 20:53:48
2024-09-19 20:53:49
2024-09-19 20:53:50
2024-09-19 20:53:51
2024-09-19 20:53:52
2024-09-19 20:53:53
2024-09-19 20:53:54
2024-09-19 20:53:55
2024-09-19 20:53:56
2024-09-19 20:53:57
2024-09-19 20:53:58
2024-09-19 20:53:59
2024-09-19 20:54:00
2024-09-19 20:54:01
2024-09-19 20:54:02
2024-09-19 20:54:03
2024-09-19 20:54:04
2024-09-19 20:54:05
2024-09-19 20:54:06
2024-09-19 20:54:07
2024-09-19 20:54:08
2024-09-19 20:54:09
2024-09-19 20:54:10
2024-09-19 20:54:11
2024-09-19 20:54:12
2024-09-19 20:54:13
2024-09-19 20:54:15
2024-09-19 20:54:16
2024-09-19 20:54:17
2024-09-19 20:54:18
2024-09-19 20:54:19
2024-09-19 20:54:20
2024-09-19 20:54:21
2024-09-19 20:54:22
2024-09-19 20:54:23
2024-09-19 20:54:24
2024-09-19 20:54:25
2024-09-19 20:54:26
2024-09-19 20:54:27
2024-09-19 20:54:28
2024-09-19 20:54:29
2024-09-19 20:54:30
2024-09-19 20:54:31
2024-09-19 20:54:32
2024-09-19 20:54:33
2024-09-19 20:54:34
2024-09-19 20:54:35
2024-09-19 20:54:36
2024-09-19 20:54:37
2024-09-19 20:54:38
2024-09-19 20:54:39
2024-09-19 20:54:40
2024-09-19 20:54:41
2024-09-19 20:54:42
2024-09-19 20:54:43
2024-09-19 20:54:44
2024-09-19 20:54:45
2024-09-19 20:54:46
2024-09-19 20:54:47
2024-09-19 20:54:48
2024-09-19 20:54:49
2024-09-19 20:54:50
2024-09-19 20:54:51
2024-09-19 20:54:52
2024-09-19 20:54:53
2024-09-19 20:54:54
2024-09-19 20:54:55
2024-09-19 20:54:56
2024-09-19 20:54:57
2024-09-19 20:54:58
2024-09-19 20:54:59
2024-09-19 20:55:00
2024-09-19 20:55:01
2024-09-19 20:55:02
2024-09-19 20:55:03
2024-09-19 20:55:04
2024-09-19 20:55:05
2024-09-19 20:55:06
2024-09-19 20:55:07
2024-09-19 20:55:08
2024-09-19 20:55:09
2024-09-19 20:55:10
2024-09-19 20:55:11
2024-09-19 20:55:12
2024-09-19 20:55:13
2024-09-19 20:55:14
2024-09-19 20:55:15
2024-09-19 20:55:16
2024-09-19 20:55:17
2024-09-19 20:55:18
2024-09-19 20:55:19
2024-09-19 20:55:20
2024-09-19 20:55:21
2024-09-19 20:55:22
2024-09-19 20:55:23
2024-09-19 20:55:24
2024-09-19 20:55:25
2024-09-19 20:55:26
2024-09-19 20:55:27
2024-09-19 20:55:28
2024-09-19 20:55:29
2024-09-19 20:55:30
2024-09-19 20:55:31
2024-09-19 20:55:32
2024-09-19 20:55:33
2024-09-19 20:55:34
2024-09-19 20:55:35
2024-09-19 20:55:36
2024-09-19 20:55:37
2024-09-19 20:55:38
2024-09-19 20:55:39
2024-09-19 20:55:40
2024-09-19 20:55:41
2024-09-19 20:55:42
2024-09-19 20:55:43
2024-09-19 20:55:44
2024-09-19 20:55:45
2024-09-19 20:55:46
2024-09-19 20:55:47
2024-09-19 20:55:48
2024-09-19 20:55:49
2024-09-19 20:55:50
2024-09-19 20:55:51
2024-09-19 20:55:52
2024-09-19 20:55:53
2024-09-19 20:55:54
2024-09-19 20:55:55
2024-09-19 20:55:56
2024-09-19 20:55:57
2024-09-19 20:55:58
2024-09-19 20:55:59
2024-09-19 20:56:00
2024-09-19 20:56:01
2024-09-19 20:56:02
2024-09-19 20:56:03
2024-09-19 20:56:04
2024-09-19 20:56:05
2024-09-19 20:56:06
2024-09-19 20:56:07
2024-09-19 20:56:08
2024-09-19 20:56:09
2024-09-19 20:56:10
2024-09-19 20:56:11
2024-09-19 20:56:12
2024-09-19 20:56:13
2024-09-19 20:56:14
2024-09-19 20:56:15
2024-09-19 20:56:16
2024-09-19 20:56:17
2024-09-19 20:56:18
